Workbook
Name rlb: #REF!
Name TC_Q19EVOINV_x_Q11TRES_: #REF!
Name TC_Q2EVOCA_x_INOVEXPORT_: #REF!
Name TC_Q6EVOEF_x_Q11TRES_: #REF!
Name TC_Q7EF2016_x_Q11TRES_: #REF!

Sheet CA Eff N
B1: Evolution du CA | D1: Evolution des effectifs | G1: Evolution du chiffre d'affaires et des effectifs pour l'année en cours (solde d'opinion en %)
B2: Chiffre d'affaires | C2: Moyenne 2000-2024 | D2: Effectifs | E2: Moyenne 2000-2024
A3: 35916 | B3: 45.16129 | C3: =AVERAGE($B$7:$B$58) -> 12.755289 | D3: 16.851665 | E3: =AVERAGE($D$7:$D$58) -> 7.7579566
A4: 36100 | B4: 42.928786 | C4: =AVERAGE($B$7:$B$58) -> 12.755289 | D4: 20.381526 | E4: =AVERAGE($D$7:$D$58) -> 7.7579566
A5: 36281 | B5: 31.959799 | C5: =AVERAGE($B$7:$B$58) -> 12.755289 | D5: 15.577889 | E5: =AVERAGE($D$7:$D$58) -> 7.7579566
A6: 36465 | B6: 39.117352 | C6: =AVERAGE($B$7:$B$58) -> 12.755289 | D6: 23.316583 | E6: =AVERAGE($D$7:$D$58) -> 7.7579566
A7: 36647 | B7: 49.147442 | C7: =AVERAGE($B$7:$B$58) -> 12.755289 | D7: 23.919598 | E7: =AVERAGE($D$7:$D$58) -> 7.7579566
A8: 36831 | B8: 48.393574 | C8: =AVERAGE($B$7:$B$58) -> 12.755289 | D8: 30.552764 | E8: =AVERAGE($D$7:$D$58) -> 7.7579566
A9: 37012 | B9: 36.683417 | C9: =AVERAGE($B$7:$B$58) -> 12.755289 | D9: 18.108652 | E9: =AVERAGE($D$7:$D$58) -> 7.7579566
A10: 37196 | B10: 30.653266 | C10: =AVERAGE($B$7:$B$58) -> 12.755289 | D10: 23.46425 | E10: =AVERAGE($D$7:$D$58) -> 7.7579566
A11: 37377 | B11: 15.842583 | C11: =AVERAGE($B$7:$B$58) -> 12.755289 | D11: 10.40404 | E11: =AVERAGE($D$7:$D$58) -> 7.7579566
A12: 37561 | B12: 10.909091 | C12: =AVERAGE($B$7:$B$58) -> 12.755289 | D12: 9.5959596 | E12: =AVERAGE($D$7:$D$58) -> 7.7579566
A13: 37742 | B13: 4.6231156 | C13: =AVERAGE($B$7:$B$58) -> 12.755289 | D13: 0.60362173 | E13: =AVERAGE($D$7:$D$58) -> 7.7579566
A14: 37926 | B14: 7.638191 | C14: =AVERAGE($B$7:$B$58) -> 12.755289 | D14: 2.5176234 | E14: =AVERAGE($D$7:$D$58) -> 7.7579566
... A59: 46143 | B59: -14 | C59: =AVERAGE($B$7:$B$58) -> 12.755289 | D59: -8 | E59: =AVERAGE($D$7:$D$58) -> 7.7579566
A60: 46327

Sheet Carnets de commande
B1: Carnets de commande passés (niveau) | D1: Carnets de commande futurs (évolution)
B2: 6 derniers mois | C2: Moyenne 2000-2024 | D2: 6 prochains mois | E2: Moyenne 2000-2024
A3: 35916 | B3: 13.349815 | C3: =AVERAGE($B$7:$B$58) -> -7.4491589 | D3: 20.099875 | E3: =AVERAGE($D$7:$D$58) -> 2.527863
A4: 36100 | B4: 7.9136691 | C4: =AVERAGE($B$7:$B$56) -> -6.8890471 | D4: 8.2725061 | E4: =AVERAGE($D$7:$D$58) -> 2.527863
A5: 36281 | B5: 2.3980815 | C5: =AVERAGE($B$7:$B$56) -> -6.8890471 | D5: 17.132442 | E5: =AVERAGE($D$7:$D$58) -> 2.527863
A6: 36465 | B6: 19.43128 | C6: =AVERAGE($B$7:$B$56) -> -6.8890471 | D6: 20.669056 | E6: =AVERAGE($D$7:$D$58) -> 2.527863
A7: 36647 | B7: 30.264672 | C7: =AVERAGE($B$7:$B$56) -> -6.8890471 | D7: 24.477958 | E7: =AVERAGE($D$7:$D$58) -> 2.527863
A8: 36831 | B8: 30.796253 | C8: =AVERAGE($B$7:$B$56) -> -6.8890471 | D8: 17.924528 | E8: =AVERAGE($D$7:$D$58) -> 2.527863
A9: 37012 | B9: 17.78563 | C9: =AVERAGE($B$7:$B$56) -> -6.8890471 | D9: 11.848341 | E9: =AVERAGE($D$7:$D$58) -> 2.527863
A10: 37196 | B10: -0.80183276 | C10: =AVERAGE($B$7:$B$56) -> -6.8890471 | D10: -9.2272203 | E10: =AVERAGE($D$7:$D$58) -> 2.527863
A11: 37377 | B11: -9.350057 | C11: =AVERAGE($B$7:$B$56) -> -6.8890471 | D11: 17.667436 | E11: =AVERAGE($D$7:$D$58) -> 2.527863
A12: 37561 | B12: -12.914286 | C12: =AVERAGE($B$7:$B$56) -> -6.8890471 | D12: -2.8968714 | E12: =AVERAGE($D$7:$D$58) -> 2.527863
A13: 37742 | B13: -20.744081 | C13: =AVERAGE($B$7:$B$56) -> -6.8890471 | D13: 4.7945205 | E13: =AVERAGE($D$7:$D$58) -> 2.527863
A14: 37926 | B14: -14.285714 | C14: =AVERAGE($B$7:$B$56) -> -6.8890471 | D14: 11.059908 | E14: =AVERAGE($D$7:$D$58) -> 2.527863
A15: 38108 | B15: -12.228571 | C15: =AVERAGE($B$7:$B$56) -> -6.8890471 | D15: 11.175115 | E15: =AVERAGE($D$7:$D$58) -> 2.527863
... A59: 46143 | B59: -22 | C59: =AVERAGE($B$7:$B$56) -> -6.8890471 | D59: -15 | E59: =AVERAGE($D$7:$D$58) -> 2.527863
A60: 46327

Sheet Diff_appro
A1: Niveau des difficultés d'approvisionnement | B1: Enquête PME (15 mai - 9 juin 2026) | C1: Enquête PME (5 nov. - 2 déc. 2025) | D1: Enquête PME (15 mai - 9 juin 2025) | E1: Enquête PME (11 nov. - 4 déc. 2024) | F1: Enquête PME (13 mai - 11 juin 2024) | G1: Enquête PME (9 nov. - 5 déc. 2023) | H1: Enquête PME (11 mai - 12 juin 2023) | I1: Enquête PME (2 nov - 28 nov. 2022) | J1: Enquête PME (12 mai - 13 juin., 2022) | K1: Baromètre (14-26 avril, 2022) | L1: Enquête PME (3 - 29 nov., 2021)
A2: Oui, limitant fortement la production / l'activité | B2: 0.14 | C2: 0.088708284 | D2: 0.083935232 | E2: 0.090227679 | F2: 0.091050623 | G2: 0.11936088 | H2: 0.14735197 | I2: 0.18292169 | J2: 0.20641936 | K2: 0.22410655 | L2: 0.1855353
A3: Oui, limitant modérément la production / l'activité | B3: 0.26 | C3: 0.18438408 | D3: 0.16392817 | E3: 0.20235848 | F3: 0.19911028 | G3: 0.24445345 | H3: 0.25339094 | I3: 0.27814439 | J3: 0.27978361 | K3: 0.2803922 | L3: 0.24147781
A4: Oui, limitant faiblement la production / l'activité | B4: 0.15 | C4: 0.13168873 | D4: 0.12755196 | E4: 0.13599286 | F4: 0.15524551 | G4: 0.15387609 | H4: 0.161009 | I4: 0.14074299 | J4: 0.13445624 | K4: 0.13854942 | L4: 0.13233842
A5: Oui, ne limitant pas la production / l'activité | B5: 0.13 | C5: 0.12538665 | D5: 0.13104892 | E5: 0.13476963 | F5: 0.14780203 | G5: 0.14176647 | H5: 0.16086601 | I5: 0.1187853 | J5: 0.11545158 | K5: 0.081310078 | L5: 0.09451354
A6: Non, aucune | B6: 0.1 | C6: 0.18216674 | D6: 0.19663933 | E6: 0.16863485 | F6: 0.13783198 | G6: 0.12599938 | H6: 0.090698583 | I6: 0.075375882 | J6: 0.067198423 | K6: 0.091774197 | L6: 0.098770884
A7: Non concerné | B7: 0.22 | C7: 0.28766552 | D7: 0.29689639 | E7: 0.2680165 | F7: 0.26895956 | G7: 0.21454374 | H7: 0.1866835 | I7: 0.20402974 | J7: 0.19669078 | K7: 0.18386755 | L7: 0.24736404
A8: Somme oui significativement | B8: =SUM(B2:B3) -> 0.4 | C8: =SUM(C2:C3) -> 0.27309237 | D8: =SUM(D2:D3) -> 0.2478634 | E8: =SUM(E2:E3) -> 0.29258615 | F8: =SUM(F2:F3) -> 0.29016091 | G8: =SUM(G2:G3) -> 0.36381433 | H8: =SUM(H2:H3) -> 0.40074291 | I8: =SUM(I2:I3) -> 0.46106608 | ... L8: =SUM(L2:L3) -> 0.42701311

Sheet CA N Secteurs
B1: Ensemble | C1: Industrie | D1: Commerce | E1: Construction | F1: Transports | G1: Tourisme | H1: Services
A2: ='CA Eff N'!A3 -> 35916 | B2: 45.16129 | C2: 49.081365 | D2: 51.818182 | E2: 22.48062 | G2: 39.285714 | H2: 51.639344
A3: ='CA Eff N'!A4 -> 36100 | B3: 42.928786 | C3: 45.272206 | D3: 50 | E3: 29.310345 | G3: 47.663551 | H3: 36.318408
A4: ='CA Eff N'!A5 -> 36281 | B4: 31.959799 | C4: 21.714286 | D4: 38.288288 | E4: 29.310345 | G4: 40.243902 | H4: 40
A5: ='CA Eff N'!A6 -> 36465 | B5: 39.117352 | C5: 21.621622 | D5: 42.253521 | E5: 46.969697 | G5: 54.12844 | H5: 50.952381
A6: ='CA Eff N'!A7 -> 36647 | B6: 49.147442 | C6: 51.381215 | D6: 52.093023 | E6: 38.211382 | G6: 35.483871 | H6: 54.901961
A7: ='CA Eff N'!A8 -> 36831 | B7: 48.393574 | C7: 50 | D7: 46.341463 | E7: 44.366197 | G7: 51.546392 | H7: 49.130435
A8: ='CA Eff N'!A9 -> 37012 | B8: 36.683417 | C8: 36.235955 | D8: 33 | E8: 33.333333 | G8: 32.142857 | H8: 44.700461
A9: ='CA Eff N'!A10 -> 37196 | B9: 30.653266 | C9: 21.893491 | D9: 41.09589 | E9: 21.95122 | G9: 23.188406 | H9: 39.837398
A10: ='CA Eff N'!A11 -> 37377 | B10: 15.842583 | C10: 12.573099 | D10: 27.45098 | E10: -3.0075188 | G10: 25.581395 | H10: 17.699115
A11: ='CA Eff N'!A12 -> 37561 | B11: 10.909091 | C11: -4.9535604 | D11: 16.513761 | E11: 19.42446 | G11: 31.818182 | H11: 14.864865
A12: ='CA Eff N'!A13 -> 37742 | B12: 4.6231156 | C12: 2.8753994 | D12: 14.285714 | E12: -3.5714286 | G12: -19.78022 | H12: 12.393162
A13: ='CA Eff N'!A14 -> 37926 | B13: 7.638191 | C13: -5.2805281 | D13: 17.467249 | E13: 17.241379 | G13: -19.753086 | H13: 18.14346
... A24: ='CA Eff N'!A25 -> 39934 | B24: -36.217304 | C24: -44.561404 | D24: -43.147208 | E24: -33.333333 | G24: -45.205479 | H24: -23.127036
A25: ='CA Eff N'!A26 -> 40118 | B25: -29.2 | C25: -48.74552 | D25: -26.113671 | E25: -25.204918 | F25: -49.700599 | G25: -19.213974 | H25: -13.781321
A26: ='CA Eff N'!A27 -> 40299 | B26: 6.7433685 | C26: 16.212871 | D26: 4.0435459 | E26: -11.713666 | F26: 1.4925373 | G26: 7.5949367 | H26: 10.401891
A27: ='CA Eff N'!A28 -> 40483 | B27: 17.216771 | C27: 27.626919 | D27: 17.040359 | E27: 1.1428571 | F27: 21.052632 | G27: 21.235521 | H27: 15.148189
A28: ='CA Eff N'!A29 -> 40664 | B28: 29.279279 | C28: 44.299674 | D28: 26.638177 | E28: 14.159292 | F28: 27.21519 | G28: 24.894515 | H28: 27.141383
A29: ='CA Eff N'!A30 -> 40848 | B29: 24.051976 | C29: 40.729167 | D29: 18.688119 | E29: 7.9584775 | F29: 42.622951 | G29: 23.756906 | H29: 21.132713
A30: ='CA Eff N'!A31 -> 41030 | B30: 4.7773887 | C30: 9.8982424 | D30: 1.6451234 | E30: -3.8397329 | F30: -1.6853933 | G30: -3.2520325 | H30: 9.9712368
A31: ='CA Eff N'!A32 -> 41214 | B31: -1.5072084 | C31: 0.51369863 | D31: -2.7355623 | E31: -2.5531915 | F31: -3.5175879 | G31: -15 | H31: 1.804758
A32: ='CA Eff N'!A33 -> 41395 | B32: -10.299456 | C32: -5.8976583 | D32: -14.361702 | E32: -18.611987 | F32: -20.918367 | G32: -25.296443 | H32: -2.2727273
A33: ='CA Eff N'!A34 -> 41579 | B33: -8.7642419 | C33: -4.7417443 | D33: -14.644351 | E33: -11.318052 | F33: -0.93457944 | G33: -33.090909 | H33: -2.5806452
A34: ='CA Eff N'!A35 -> 41760 | B34: 3.5233668 | C34: 10.174152 | D34: 1.981352 | E34: -9.2691622 | F34: 12.765957 | G34: -13.106796 | H34: 5.721831
A35: ='CA Eff N'!A36 -> 41944 | B35: -4.3224552 | C35: 6.0430464 | D35: -12.44856 | E35: -17.638266 | F35: 7.2961373 | G35: -21.285141 | H35: 0.15432099
A36: ='CA Eff N'!A37 -> 42125 | B36: 3.6638425 | C36: 11.223629 | D36: 1.9274376 | E36: -17.488076 | F36: 3.2 | G36: -5.1162791 | H36: 10.199005
... A58: ='CA Eff N'!A59 -> 46143 | B58: -14 | C58: -17 | D58: -11 | E58: -16 | F58: -15 | G58: -19 | H58: -1
A59: ='CA Eff N'!A60 -> 46327
